A,,01,,,,,,,,,,,,
A00/09,,,,,,,,,,,,,,
A00,,01.120,03.120,03.120.01,03.120.10,03.120.20,03.120.30,03.120.99,,,,,,
A01,,01.040.01,01.110,03.100.40,,,,,,,,,,
A02,,03.040,03.100.30,03.100.10,03.100.50,03.100.60,,,,,,,,
A10/19,,03.160,,,,,,,,,,,,
A10,,01.040.03,03,03.100,03.100.01,03.100.20,03.200,,,,,,,
A11,,03.060,35.240.40,,,,,,,,,,,
A12,,03.080.30,,,,,,,,,,,,
A13,,01.140.30,,,,,,,,,,,,
A14,,01.140.20,03.140,35.240.30,37.080,,,,,,,,,
A15,,01.040.37,37,37.040,37.040.01,37.040.99,37.060,37.060.01,37.060.99,,,,,
A16,,03.080,03.080.01,03.080.10,03.080.20,03.080.99,,,,,,,,
A17,,37.100,37.100.01,37.100.20,37.100.99,,,,,,,,,
A18,,03.180,,,,,,,,,,,,
A19,,01.140,01.140.10,01.140.40,,,,,,,,,,
A20/39,,,,,,,,,,,,,,
A20,,,,,,,,,,,,,,
A21,,19,19.020,01.040.19,19.040,,,,,,,,,
A22,,01.020,01.040,01.075,01.080,01.080.01,01.080.10,01.080.20,01.080.99,,,,,
A24,,,,,,,,,,,,,,
A25,,13.180,,,,,,,,,,,,
A26,,01.070,,,,,,,,,,,,
A28,,19.120,,,,,,,,,,,,
A29,,25.220,25.220.01,25.220.10,25.220.20,25.220.40,25.220.60,25.220.99,25.220.50,,,,,
A31,,,,,,,,,,,,,,
A40/49,,,,,,,,,,,,,,
A40,,01.040.07,07,07.040,07.060,07.080,07.100,07.100.01,07.100.99,35.240.70,,,,
A41,,07.020,,,,,,,,,,,,
A42,,01.040.23,01.040.27,07.030,23,23.020.99,,,,,,,,
A43,,71.040.40,71.040.50,71.040.99,71.060,71.060.01,71.060.10,71.080,71.080.01,71.080.99,,,,
A44,,,,,,,,,,,,,,
A45,,,,,,,,,,,,,,
A46,,,,,,,,,,,,,,
A47,,,,,,,,,,,,,,
A50/64,,17,,,,,,,,,,,,
A50,,01.040.17,17.020,,,,,,,,,,,
A51,,01.060,,,,,,,,,,,,
A52,,17.040,17.040.01,17.040.30,17.040.99,,,,,,,,,
A53,,17.100,17.060,17.080,,,,,,,,,,
A54,,17.200,17.200.01,17.200.10,17.200.99,17.200.20,,,,,,,,
A55,,17.220,17.220.01,17.220.20,17.220.99,,,,,,,,,
A56,,,,,,,,,,,,,,
A57,,,,,,,,,,,,,,
A58,,,,,,,,,,,,,,
A59,,17.140,17.140.01,17.140.99,17.140.50,17.140.20,17.140.30,,,,,,,
A60,,17.180,17.180.01,17.180.20,17.180.99,,,,,,,,,
A61,,,,,,,,,,,,,,
A65/74,,,,,,,,,,,,,,
A65,,,,,,,,,,,,,,
A66,,,,,,,,,,,,,,
A67,,,,,,,,,,,,,,
A68,,,,,,,,,,,,,,
A69,,,,,,,,,,,,,,
A75/79,,,,,,,,,,,,,,
A75,,,,,,,,,,,,,,
A76,,,,,,,,,,,,,,
A77,,,,,,,,,,,,,,
A78,,,,,,,,,,,,,,
A79,,,,,,,,,,,,,,
A80/89,,55,55.180.99,,,55.160,,,,,,,,
A80,,01.040.53,01.040.55,55.020,55.220,,,,,,,,,
A82,,23.020.40,23.020,23.020.01,23.020.10,55.040,55.060,,,,,,,
A83,,55.180.40,,,,,,,,,,,,
A84,,,,,,,,,,,,,,
A85,,55.180.10,55.180.20,55.180.30,,,,,,,,,,
A87,,03.220,03.220.01,03.220.99,55.180,,,,,,,,,
A88,,,,,55.180.01,,,,,,,,,
A90/94,,,,,,,,,,,,,,
A90,,03.020,13.310,,,,,,,,,,,
A91,,13.230,13.300,13.320,,,,,,,,,,
A92,,,,,,,,,,,,,,
A94,,,,,,,,,,,,,,
B,,65,65.020,,,,,,,,,,,
B00/09,,65.020.01,65.020.99,,,,,,,,,,,
B00,,,,,,,,,,,,,,
B01,,,,,,,,,,,,,,
B02,,,,,,,,,,,,,,
B04,,01.040.65,,,,,,,,,,,,
B05,,65.020.20,,,,,,,,,,,,
B07,,,,,,,,,,,,,,
B08,,,,,,,,,,,,,,
B09,,,,,,,,,,,,,,
B10/14,,,,,,,,,,,,,,
B10,,,,,,,,,,,,,,
B11,,,,,,,,,,,,,,
B13,,65.080,,,,,,,,,,,,
B15/19,,,,,,,,,,,,,,
B15,,,,,,,,,,,,,,
B16,,,,,,,,,,,,,,
B17,,,,,,,,,,,,,,
B18,,,,,,,,,,,,,,
B20/29,,,,,,,,,,,,,,
B20,,,,,,,,,,,,,,
B21,,,,,,,,,,,,,,
B22,,,,,,,,,,,,,,
B23,,,,,,,,,,,,,,
B25,,,,,,,,,,,,,,
B30/39,,,,,,,,,,,,,,
B30,,,,,,,,,,,,,,
B31,,,,,,,,,,,,,,
B32,,,,,,,,,,,,,,
B33,,,,,,,,,,,,,,
B34,,,,,,,,,,,,,,
B35,,,,,,,,,,,,,,
B36,,,,,,,,,,,,,,
B38,,,,,,,,,,,,,,
B39,,,,,,,,,,,,,,
B40/49,,65.020.30,65.145,,,,,,,,,,,
B40,,,,,,,,,,,,,,
B41,,11.220,,,,,,,,,,,,
B42,,,,,,,,,,,,,,
B43,,,,,,,,,,,,,,
B44,,,,,,,,,,,,,,
B45,,,,,,,,,,,,,,
B46,,65.120,,,,,,,,,,,,
B47,,65.140,,,,,,,,,,,,
B50/59,,65.150,,,,,,,,,,,,
B50,,,,,,,,,,,,,,
B51,,,,,,,,,,,,,,
B52,,,,,,,,,,,,,,
B53,,,,,,,,,,,,,,
B54,,,,,,,,,,,,,,
B56,,,,,,,,,,,,,,
B60/79,,65.020.40,,,,,,,,,,,,
B60,,,,,,,,,,,,,,
B61,,,,,,,,,,,,,,
B62,,,,,,,,,,,,,,
B64,,,,,,,,,,,,,,
B65,,,,,,,,,,,,,,
B66,,,,,,,,,,,,,,
B67,,,,,,,,,,,,,,
B68,,,,,,,,,,,,,,
B69,,79,79.040,79.100,01.040.79,79.020,,,,,,,,
B70,,79.060,79.060.01,79.060.10,79.060.20,79.060.99,79.080,,,,,,,
B71,,71.100.50,,,,,,,,,,,,
B72,,83.040.10,,,,,,,,,,,,
B73,,,,,,,,,,,,,,
B90/99,,65.060,65.060.99,,,,,,,,,,,
B90,,65.060.01,,,,,,,,,,,,
B91,,65.060.20,65.060.25,65.060.30,65.060.35,65.060.40,65.060.50,65.060.60,,,,,,
B92,,,,,,,,,,,,,,
B93,,,,,,,,,,,,,,
B94,,,,,,,,,,,,,,
B95,,65.060.70,65.060.80,,,,,,,,,,,
B96,,,,,,,,,,,,,,
B97,,,,,,,,,,,,,,
C,,11,,,,,,,,,,,,
C00/09,,,,,,,,,,,,,,
C00,,,,,,,,,,,,,,
C01,,,,,,,,,,,,,,
C02,,,,,,,,,,,,,,
C04,,,,,,,,,,,,,,
C05,,07.100.10,11.020,,,,,,,,,,,
C06,,,,,,,,,,,,,,
C07,,35.240.80,,,,,,,,,,,,
C08,,,,,,,,,,,,,,
C10/29,,,,,,,,,,,,,,
C10,,01.040.11,11.120,11.120.01,11.120.10,11.120.99,,,,,,,,
C11,,,,,,,,,,,,,,
C12,,,,,,,,,,,,,,
C13,,,,,,,,,,,,,,
C14,,,,,,,,,,,,,,
C15,,,,,,,,,,,,,,
C16,,,,,,,,,,,,,,
C17,,,,,,,,,,,,,,
C18,,,,,,,,,,,,,,
C19,,,,,,,,,,,,,,
C20,,,,,,,,,,,,,,
C21,,,,,,,,,,,,,,
C23,,,,,,,,,,,,,,
C25,,,,,,,,,,,,,,
C27,,,,,,,,,,,,,,
C30/49,,11.040,,,,,,,,,,,,
C30,,11.040.01,11.040.99,,,,,,,,,,,
C31,,11.040.20,,,,,,,,,,,,
C32,,11.040.70,,,,,,,,,,,,
C33,,11.060,11.060.01,11.060.10,11.060.20,,,,,,,,,
C35,,11.040.30,11.040.40,,,,,,,,,,,
C36,,,,,,,,,,,,,,
C37,,,,,,,,,,,,,,
C38,,11.040.55,,,,,,,,,,,,
C39,,,,,,,,,,,,,,
C40,,,,,,,,,,,,,,
C41,,11.040.60,,,,,,,,,,,,
C42,,,,,,,,,,,,,,
C43,,11.040.50,,,,,,,,,,,,
C44,,11.100,,,,,,,,,,,,
C45,,,,,,,,,,,,,,
C46,,11.040.10,11.160,,,,,,,,,,,
C47,,11.080,11.080.01,11.080.10,11.080.20,11.080.30,11.080.99,11.140,,,,,,
C48,,11.120.20,,,,,,,,,,,,
C50/64,,,,,,,,,,,,,,
C50,,,,,,,,,,,,,,
C51,,,,,,,,,,,,,,
C52,,,,,,,,,,,,,,
C53,,,,,,,,,,,,,,
C54,,,,,,,,,,,,,,
C55,,,,,,,,,,,,,,
C56,,,,,,,,,,,,,,
C57,,,,,,,,,,,,,,
C59,,,,,,,,,,,,,,
C60,,,,,,,,,,,,,,
C61,,,,,,,,,,,,,,
C62,,,,,,,,,,,,,,
C63,,11.200,,,,,,,,,,,,
C65/74,,13.100,,,,,,,,,,,,
C65,,,,,,,,,,,,,,
C66,,13.110,,,,,,,,,,,,
C67,,,,,,,,,,,,,,
C68,,13.260,,,,,,,,,,,,
C69,,13.340,13.340.01,13.340.99,,,,,,,,,,
C70,,,,,,,,,,,,,,
C71,,13.140,13.160,13.280,,,,,,,,,,
C72,,,,,,,,,,,,,,
C73,,13.340.10,13.340.20,13.340.30,13.340.40,13.340.50,,,,,,,,
C75/79,,,,,,,,,,,,,,
C75,,13.200,,,,,,,,,,,,
C76,,,,,,,,,,,,,,
C77,,,,,,,,,,,,,,
C78,,13.240,,,,,,,,,,,,
C80/89,,13.220,,,,,,,,,,,,
C80,,13.220.01,13.220.99,13.220.40,,,,,,,,,,
C81,,,,,,,,,,,,,,
C82,,13.220.20,,,,,,,,,,,,
C83,,13.220.10,,,,,,,,,,,,
C84,,,,,,,,,,,,,,
C85,,,,,,,,,,,,,,
C90/99,,,,,,,,,,,,,,
C90,,,,,,,,,,,,,,
C91,,,,,,,,,,,,,,
C92,,,,,,,,,,,,,,
C93,,,,,,,,,,,,,,
C94,,,,,,,,,,,,,,
C95,,73,,,,,,,,,,,,
D,,,,,,,,,,,,,,
D00/09,,,,,,,,,,,,,,
D00,,,,,,,,,,,,,,
D01,,,,,,,,,,,,,,
D02,,,,,,,,,,,,,,
D04,,01.040.73,,,,,,,,,,,,
D07,,,,,,,,,,,,,,
D08,,,,,,,,,,,,,,
D09,,,,,,,,,,,,,,
D10/19,,,,,,,,,,,,,,
D10,,,,,,,,,,,,,,
D11,,,,,,,,,,,,,,
D12,,,,,,,,,,,,,,
D13,,,,,,,,,,,,,,
D14,,,,,,,,,,,,,,
D15,,73.020,,,,,,,,,,,,
D16,,,,,,,,,,,,,,
D18,,,,,,,,,,,,,,
D20/29,,75.160.10,,,,,,,,,,,,
D20,,,,,,,,,,,,,,
D21,,73.040,,,,,,,,,,,,
D22,,,,,,,,,,,,,,
D23,,,,,,,,,,,,,,
D24,,,,,,,,,,,,,,
D26,,,,,,,,,,,,,,
D27,,,,,,,,,,,,,,
D28,,,,,,,,,,,,,,
D30/39,,73.060,,,,,,,,,,,,
D30,,73.060.01,,,,,,,,,,,,
D31,,73.060.10,,,,,,,,,,,,
D32,,73.060.20,,,,,,,,,,,,
D33,,73.060.30,,,,,,,,,,,,
D40/49,,73.060.40,73.060.99,,,,,,,,,,,
D40,,,,,,,,,,,,,,
D41,,,,,,,,,,,,,,
D42,,,,,,,,,,,,,,
D43,,,,,,,,,,,,,,
D45,,,,,,,,,,,,,,
D46,,,,,,,,,,,,,,
D50/59,,73.080,,,,,,,,,,,,
D50,,,,,,,,,,,,,,
D51,,,,,,,,,,,,,,
D52,,,,,,,,,,,,,,
D53,,,,,,,,,,,,,,
D54,,,,,,,,,,,,,,
D58,,,,,,,,,,,,,,
D59,,,,,,,,,,,,,,
D80/89,,,,,,,,,,,,,,
D80,,,,,,,,,,,,,,
D81,,,,,,,,,,,,,,
D82,,,,,,,,,,,,,,
D84,,,,,,,,,,,,,,
D90/99,,73.100,,,,,,,,,,,,
D90,,73.100.01,73.100.99,,,,,,,,,,,
D91,,73.100.30,,,,,,,,,,,,
D92,,73.100.10,,,,,,,,,,,,
D93,,73.100.40,,,,,,,,,,,,
D94,,,,,,,,,,,,,,
D95,,73.120,,,,,,,,,,,,
D96,,,,,,,,,,,,,,
D97,,,,,,,,,,,,,,
D98,,73.100.20,,,,,,,,,,,,
E,,75,,,,,,,,,,,,
E00/09,,,,,,,,,,,,,,
E00,,,,,,,,,,,,,,
E01,,,,,,,,,,,,,,
E02,,,,,,,,,,,,,,
E04,,01.040.75,,,,,,,,,,,,
E07,,,,,,,,,,,,,,
E08,,,,,,,,,,,,,,
E09,,,,,,,,,,,,,,
E10/19,,,,,,,,,,,,,,
E10,,75.020,,,,,,,,,,,,
E11,,,,,,,,,,,,,,
E12,,,,,,,,,,,,,,
E13,,,,,,,,,,,,,,
E14,,,,,,,,,,,,,,
E15,,,,,,,,,,,,,,
E16,,,,,,,,,,,,,,
E20/29,,,,,,,,,,,,,,
E20,,,,,,,,,,,,,,
E21,,75.040,,,,,,,,,,,,
E22,,,,,,,,,,,,,,
E24,,75.060,75.160.30,,,,,,,,,,,
E30/49,,,,,,,,,,,,,,
E30,,75.080,,,,,,,,,,,,
E31,,75.160,75.160.01,75.160.20,,,,,,,,,,
E33,,,,,,,,,,,,,,
E34,,75.100,,,,,,,,,,,,
E36,,,,,,,,,,,,,,
E38,,,,,,,,,,,,,,
E39,,75.120,,,,,,,,,,,,
E40,,,,,,,,,,,,,,
E41,,,,,,,,,,,,,,
E42,,75.140,,,,,,,,,,,,
E43,,,,,,,,,,,,,,
E44,,,,,,,,,,,,,,
E45,,,,,,,,,,,,,,
E46,,,,,,,,,,,,,,
E49,,,,,,,,,,,,,,
E60/69,,,,,,,,,,,,,,
E60,,,,,,,,,,,,,,
E61,,,,,,,,,,,,,,
E90/99,,75.180,,,,,,,,,,,,
E90,,75.180.01,75.180.99,,,,,,,,,,,
E91,,,,,,,,,,,,,,
E92,,75.180.10,,,,,,,,,,,,
E94,,,,,,,,,,,,,,
E97,,75.180.20,,,,,,,,,,,,
E98,,75.180.30,75.200,,,,,,,,,,,
F,,27,,,,,,,,,,,,
F00/09,,27.010,,,,,,,,,,,,
F00,,,,,,,,,,,,,,
F01,,,,,,,,,,,,,,
F02,,,,,,,,,,,,,,
F04,,,,,,,,,,,,,,
F07,,,,,,,,,,,,,,
F08,,,,,,,,,,,,,,
F09,,,,,,,,,,,,,,
F10/19,,,,,,,,,,,,,,
F10,,,,,,,,,,,,,,
F11,,27.180,,,,,,,,,,,,
F12,,27.160,,,,,,,,,,,,
F13,,,,,,,,,,,,,,
F14,,,,,,,,,,,,,,
F15,,27.080,,,,,,,,,,,,
F19,,,,,,,,,,,,,,
F20/29,,,,,,,,,,,,,,
F20,,27.100,,,,,,,,,,,,
F21,,29.240,29.240.01,,,,,,,,,,,
F22,,,,,,,,,,,,,,
F23,,,,,,,,,,,,,,
F24,,,,,,,,,,,,,,
F25,,,,,,,,,,,,,,
F29,,,,,,,,,,,,,,
F40/49,,27.120.30,,,,,,,,,,,,
F40,,,,,,,,,,,,,,
F46,,,,,,,,,,,,,,
F48,,,,,,,,,,,,,,
F49,,,,,,,,,,,,,,
F50/59,,,,,,,,,,,,,,
F50,,,,,,,,,,,,,,
F51,,,,,,,,,,,,,,
F53,,,,,,,,,,,,,,
F54,,,,,,,,,,,,,,
F60/69,,27.120.10,27.120,27.120.01,27.120.99,27.120.20,,,,,,,,
F60,,,,,,,,,,,,,,
F61,,,,,,,,,,,,,,
F62,,,,,,,,,,,,,,
F63,,,,,,,,,,,,,,
F64,,,,,,,,,,,,,,
F65,,,,,,,,,,,,,,
F68,,,,,,,,,,,,,,
F69,,,,,,,,,,,,,,
F70/79,,17.240,,,,,,,,,,,,
F70,,,,,,,,,,,,,,
F72,,,,,,,,,,,,,,
F73,,,,,,,,,,,,,,
F74,,,,,,,,,,,,,,
F75,,,,,,,,,,,,,,
F77,,,,,,,,,,,,,,
F79,,,,,,,,,,,,,,
F80/89,,,,,,,,,,,,,,
F80,,,,,,,,,,,,,,
F81,,,,,,,,,,,,,,
F82,,,,,,,,,,,,,,
F83,,,,,,,,,,,,,,
F84,,,,,,,,,,,,,,
F85,,,,,,,,,,,,,,
F86,,,,,,,,,,,,,,
F87,,,,,,,,,,,,,,
F88,,,,,,,,,,,,,,
F90/99,,,,,,,,,,,,,,
F90,,,,,,,,,,,,,,
F91,,,,,,,,,,,,,,
F92,,,,,,,,,,,,,,
G,,71,71.100,,,,,,,,,,,
G00/09,,71.020,71.100.01,71.100.10,71.100.99,,,,,,,,,
G00,,,,,,,,,,,,,,
G01,,,,,,,,,,,,,,
G02,,,,,,,,,,,,,,
G04,,01.040.71,71.040,71.040.01,71.040.10,71.040.20,,,,,,,,
G07,,,,,,,,,,,,,,
G08,,,,,,,,,,,,,,
G09,,,,,,,,,,,,,,
G10/14,,,,,,,,,,,,,,
G10,,,,,,,,,,,,,,
G11,,71.060.30,71.060.40,,,,,,,,,,,
G12,,71.060.50,,,,,,,,,,,,
G13,,71.060.20,,,,,,,,,,,,
G14,,71.060.99,,,,,,,,,,,,
G15/19,,,,,,,,,,,,,,
G15,,,,,,,,,,,,,,
G16,,71.080.50,71.080.60,,,,,,,,,,,
G17,,71.080.10,71.080.15,71.080.80,71.080.70,71.080.40,71.080.20,,,,,,,
G18,,71.080.90,71.080.30,,,,,,,,,,,
G20/29,,,,,,,,,,,,,,
G20,,,,,,,,,,,,,,
G21,,,,,,,,,,,,,,
G23,,,,,,,,,,,,,,
G24,,,,,,,,,,,,,,
G25,,65.100,65.100.01,65.100.10,65.100.30,65.100.99,65.100.20,,,,,,,
G26,,,,,,,,,,,,,,
G30/39,,83,83.080,,,,,,,,,,,
G30,,83.020,83.080.01,,,,,,,,,,,
G31,,01.040.83,,,,,,,,,,,,
G32,,71.100.55,83.040,83.040.01,83.080.10,83.080.20,83.120,83.100,,,,,,
G33,,23.040.20,,,,,,,,,,,,
G34,,,,,,,,,,,,,,
G35,,83.040.20,83.060,83.040.30,,,,,,,,,,
G38,,,,,,,,,,,,,,
G39,,83.180,,,,,,,,,,,,
G40/49,,83.140,83.140.01,,,,,,,,,,,
G40,,,,,,,,,,,,,,
G41,,83.160,83.160.01,83.160.10,83.160.20,83.160.30,83.160.99,,,,,,,
G42,,83.140.40,83.140.30,,,,,,,,,,,
G43,,83.140.50,,,,,,,,,,,,
G44,,,,,,,,,,,,,,
G45,,,,,,,,,,,,,,
G47,,83.140.99,83.140.10,83.140.20,,,,,,,,,,
G48,,,,,,,,,,,,,,
G49,,,,,,,,,,,,,,
G50/59,,01.040.87,87,,,,,,,,,,,
G50,,87.020,,,,,,,,,,,,
G51,,87.040,,,,,,,,,,,,
G52,,87.060,87.060.01,87.060.10,87.060.20,87.060.30,87.060.99,,,,,,,
G53,,,,,,,,,,,,,,
G54,,87.080,,,,,,,,,,,,
G55,,,,,,,,,,,,,,
G56,,,,,,,,,,,,,,
G57,,,,,,,,,,,,,,
G60/69,,71.040.30,,,,,,,,,,,,
G60,,,,,,,,,,,,,,
G61,,,,,,,,,,,,,,
G62,,,,,,,,,,,,,,
G63,,,,,,,,,,,,,,
G64,,,,,,,,,,,,,,
G65,,,,,,,,,,,,,,
G66,,,,,,,,,,,,,,
G67,,,,,,,,,,,,,,
G69,,,,,,,,,,,,,,
G70/79,,71.100.45,,,,,,,,,,,,
G70,,,,,,,,,,,,,,
G71,,,,,,,,,,,,,,
G72,,,,,,,,,,,,,,
G73,,71.100.40,,,,,,,,,,,,
G74,,,,,,,,,,,,,,
G75,,,,,,,,,,,,,,
G76,,,,,,,,,,,,,,
G77,,71.100.80,,,,,,,,,,,,
G80/84,,,,,,,,,,,,,,
G80,,,,,,,,,,,,,,
G81,,37.040.20,37.040.25,37.060.20,,,,,,,,,,
G82,,,,,,,,,,,,,,
G83,,,,,,,,,,,,,,
G84,,37.040.30,,,,,,,,,,,,
G85/89,,71.100.35,,,,,,,,,,,,
G85,,,,,,,,,,,,,,
G86,,71.100.20,,,,,,,,,,,,
G89,,71.100.30,,,,,,,,,,,,
G90/99,,71.120,71.120.99,,,,,,,,,,,
G90,,71.120.01,,,,,,,,,,,,
G91,,,,,,,,,,,,,,
G92,,,,,,,,,,,,,,
G93,,71.120.30,71.120.10,71.120.20,81.100,,,,,,,,,
G94,,,,,,,,,,,,,,
G95,,83.200,,,,,,,,,,,,
G96,,87.100,,,,,,,,,,,,
G98,,,,,,,,,,,,,,
H,,77,,,,,,,,,,,,
H00/09,,77.020,,,,,,,,,,,,
H00,,,,,,,,,,,,,,
H01,,,,,,,,,,,,,,
H02,,,,,,,,,,,,,,
H04,,01.040.77,,,,,,,,,,,,
H05,,,,,,,,,,,,,,
H07,,,,,,,,,,,,,,
H08,,,,,,,,,,,,,,
H09,,77.040.30,,,,,,,,,,,,
H10/19,,,,,,,,,,,,,,
H10,,,,,,,,,,,,,,
H11,,,,,,,,,,,,,,
H12,,,,,,,,,,,,,,
H13,,,,,,,,,,,,,,
H14,,,,,,,,,,,,,,
H15,,,,,,,,,,,,,,
H16,,,,,,,,,,,,,,
H17,,,,,,,,,,,,,,
H20/29,,77.040,,,,,,,,,,,,
H20,,77.040.01,77.040.99,,,,,,,,,,,
H21,,,,,,,,,,,,,,
H22,,77.040.10,,,,,,,,,,,,
H23,,,,,,,,,,,,,,
H24,,,,,,,,,,,,,,
H25,,77.060,,,,,,,,,,,,
H26,,77.040.20,,,,,,,,,,,,
H30/34,,,,,,,,,,,,,,
H30,,,,,,,,,,,,,,
H31,,,,,,,,,,,,,,
H32,,,,,,,,,,,,,,
H34,,,,,,,,,,,,,,
H40/59,,77.080,77.140,77.140.45,,,,,,,,,,
H40,,77.080.01,77.140.01,77.140.10,,,,,,,,,,
H41,,77.080.10,77.140.80,,,,,,,,,,,
H42,,77.100,,,,,,,,,,,,
H43,,77.080.20,77.140.85,,,,,,,,,,,
H44,,77.140.70,77.140.60,,,,,,,,,,,
H46,,77.140.50,,,,,,,,,,,,
H48,,23.040.10,,,,,,,,,,,,
H49,,77.140.65,,,,,,,,,,,,
H52,,,,,,,,,,,,,,
H53,,,,,,,,,,,,,,
H54,,,,,,,,,,,,,,
H57,,,,,,,,,,,,,,
H58,,,,,,,,,,,,,,
H59,,77.140.75,77.140.15,77.140.20,77.140.25,77.140.30,77.140.35,77.140.40,77.140.99,,,,,
H60/69,,23.040.15,77.120,77.120.99,77.150,77.150.99,,,,,,,,
H60,,77.120.01,77.150.01,,,,,,,,,,,
H61,,77.120.10,77.120.20,77.150.10,77.150.20,,,,,,,,,
H62,,77.120.30,77.120.40,77.120.60,77.120.70,77.150.30,77.150.40,77.150.50,77.150.60,77.150.70,,,,
H63,,,,,,,,,,,,,,
H64,,77.120.50,,,,,,,,,,,,
H65,,,,,,,,,,,,,,
H66,,,,,,,,,,,,,,
H67,,,,,,,,,,,,,,
H68,,,,,,,,,,,,,,
H69,,,,,,,,,,,,,,
H70/74,,77.160,,,,,,,,,,,,
H70,,,,,,,,,,,,,,
H71,,,,,,,,,,,,,,
H72,,29.030,,,,,,,,,,,,
H80/84,,29.045,,,,,,,,,,,,
H80,,,,,,,,,,,,,,
H81,,,,,,,,,,,,,,
H82,,,,,,,,,,,,,,
H83,,,,,,,,,,,,,,
H90/99,,77.180,,,,,,,,,,,,
H90,,,,,,,,,,,,,,
H91,,,,,,,,,,,,,,
H92,,,,,,,,,,,,,,
H93,,,,,,,,,,,,,,
H94,,25.120.20,,,,,,,,,,,,
H95,,,,,,,,,,,,,,
J,,21,,,,,,,,,,,,
J00/09,,21.020,,,,,,,,,,,,
J00,,,,,,,,,,,,,,
J01,,,,,,,,,,,,,,
J02,,,,,,,,,,,,,,
J04,,01.040.21,01.100,01.100.01,01.100.20,01.100.99,17.040.10,17.040.20,,,,,,
J05,,21.040,21.040.01,21.040.10,21.040.20,21.040.30,,,,,,,,
J07,,,,,,,,,,,,,,
J08,,,,,,,,,,,,,,
J09,,,,,,,,,,,,,,
J10/29,,21.100,21.100.01,21.120,21.120.01,21.120.10,21.120.99,23.040,23.040.01,,,,,
J10,,,,,,,,,,,,,,
J11,,21.100.20,,,,,,,,,,,,
J12,,21.100.10,,,,,,,,,,,,
J13,,21.060,21.060.01,21.060.10,21.060.20,21.060.30,21.060.40,21.060.50,21.060.60,21.060.70,21.060.99,,,
J15,,23.040.40,23.040.45,23.040.50,23.040.60,23.040.99,,,,,,,,
J16,,23.060,23.060.01,23.060.10,23.060.20,23.060.30,23.060.40,23.060.50,23.060.99,,,,,
J17,,21.200,,,,,,,,,,,,
J18,,21.120.30,21.220,21.220.01,21.220.10,21.220.20,21.220.30,21.220.99,,,,,,
J19,,21.120.20,,,,,,,,,,,,
J20,,,,,,,,,,,,,,
J21,,21.260,,,,,,,,,,,,
J22,,21.140,23.040.80,,,,,,,,,,,
J24,,,,,,,,,,,,,,
J26,,21.160,,,,,,,,,,,,
J27,,,,,,,,,,,,,,
J28,,25.040.30,,,,,,,,,,,,
J29,,21.180,21.080,23.040.70,,,,,,,,,,
J30/39,,,,,,,,,,,,,,
J30,,,,,,,,,,,,,,
J31,,25.020,,,,,,,,,,,,
J32,,,,,,,,,,,,,,
J33,,25.160,25.160.01,25.160.10,25.160.20,25.160.40,25.160.50,,,,,,,
J36,,25.200,,,,,,,,,,,,
J38,,,,,,,,,,,,,,
J39,,,,,,,,,,,,,,
J40/49,,,,,,,,,,,,,,
J40,,,,,,,,,,,,,,
J41,,25.100,25.100.01,25.100.10,25.100.20,25.100.25,25.100.30,25.100.99,,,,,,
J42,,,,,,,,,,,,,,
J43,,25.100.70,,,,,,,,,,,,
J44,,,,,,,,,,,,,,
J45,,,,,,,,,,,,,,
J46,,,,,,,,,,,,,,
J47,,25.100.40,25.100.60,25.100.50,25.140,25.140.01,25.140.30,25.140.99,,,,,,
J48,,25.140.10,,,,,,,,,,,,
J50/59,,25.060,25.060.99,25.080,25.080.99,25.120,25.120.01,25.120.99,,,,,,
J50,,25.040.10,25.040.20,25.060.01,25.080.01,,,,,,,,,
J51,,,,,,,,,,,,,,
J52,,25.060.20,,,,,,,,,,,,
J53,,25.080.10,,,,,,,,,,,,
J54,,25.080.20,25.080.40,,,,,,,,,,,
J55,,25.080.50,,,,,,,,,,,,
J56,,,,,,,,,,,,,,
J57,,25.080.60,25.080.25,25.080.30,,,,,,,,,,
J58,,25.060.10,,,,,,,,,,,,
J59,,25.120.40,,,,,,,,,,,,
J60/69,,,,,,,,,,,,,,
J60,,,,,,,,,,,,,,
J61,,25.120.30,,,,,,,,,,,,
J62,,25.120.10,,,,,,,,,,,,
J64,,25.160.30,,,,,,,,,,,,
J65,,79.120,79.120.01,79.120.10,79.120.20,79.120.99,,,,,,,,
J66,,25.180,25.180.01,25.180.20,,,,,,,,,,
J70/89,,,,,,,,,,,,,,
J70,,,,,,,,,,,,,,
J71,,23.080,23.100,23.100.01,23.100.10,23.100.20,23.100.40,23.100.50,23.100.60,23.100.99,,,,
J72,,23.140,,,,,,,,,,,,
J73,,27.200,,,,,,,,,,,,
J74,,23.020.30,,,,,,,,,,,,
J75,,27.220,,,,,,,,,,,,
J76,,,,,,,,,,,,,,
J77,,,,,,,,,,,,,,
J78,,23.160,,,,,,,,,,,,
J80,,53.020,53.020.01,53.020.20,53.020.30,53.020.99,,,,,,,,
J81,,53.040.01,53.040,53.040.10,53.040.20,53.040.30,53.040.99,,,,,,,
J83,,53,53.080,55.200,,,,,,,,,,
J84,,,,,,,,,,,,,,
J86,,,,,,,,,,,,,,
J87,,37.100.10,,,,,,,,,,,,
J88,,,,,,,,,,,,,,
J90/99,,27.020,,,,,,,,,,,,
J90,,,,,,,,,,,,,,
J91,,,,,,,,,,,,,,
J92,,21.240,,,,,,,,,,,,
J93,,,,,,,,,,,,,,
J94,,,,,,,,,,,,,,
J95,,,,,,,,,,,,,,
J96,,23.120,97.100,97.100.01,97.100.20,97.100.30,97.100.40,97.100.99,,,,,,
J98,,27.060,27.060.01,27.060.10,27.060.20,27.060.30,,,,,,,,
J99,,27.040,,,,,,,,,,,,
K,,29,,,,,,,,,,,,
K00/09,,19.080,29.020,,,,,,,,,,,
K00,,,,,,,,,,,,,,
K01,,,,,,,,,,,,,,
K02,,,,,,,,,,,,,,
K04,,01.040.29,01.080.40,01.100.25,29.080,29.080.01,29.080.99,,,,,,,
K05,,,,,,,,,,,,,,
K07,,,,,,,,,,,,,,
K08,,,,,,,,,,,,,,
K09,,,,,,,,,,,,,,
K10/19,,29.050,29.060,29.100,29.100.01,,,,,,,,,
K10,,29.060.01,,,,,,,,,,,,
K11,,,,,,,,,,,,,,
K12,,29.060.10,,,,,,,,,,,,
K13,,29.060.20,33.120.20,,,,,,,,,,,
K14,,,,,,,,,,,,,,
K15,,29.035,29.035.01,29.035.10,29.035.20,29.035.30,29.035.50,29.035.60,29.035.99,29.040,29.040.01,29.040.10,29.040.20,29.040.99
K16,,,,,,,,,,,,,,
K20/29,,29.160,29.160.30,29.160.99,,,,,,,,,,
K20,,29.160.01,29.160.10,,,,,,,,,,,
K21,,,,,,,,,,,,,,
K22,,,,,,,,,,,,,,
K23,,,,,,,,,,,,,,
K24,,,,,,,,,,,,,,
K25,,,,,,,,,,,,,,
K26,,,,,,,,,,,,,,
K30/39,,29.120,29.120.99,29.100.99,,,,,,,,,,
K30,,29.120.01,29.120.10,29.120.30,29.100.20,29.120.20,,,,,,,,
K31,,29.120.40,29.120.50,29.130.01,29.130.20,29.130.99,,,,,,,,
K32,,,,,,,,,,,,,,
K33,,,,,,,,,,,,,,
K34,,29.120.70,,,,,,,,,,,,
K35,,29.260,29.260.01,29.260.20,29.260.99,,,,,,,,,
K36,,,,,,,,,,,,,,
K40/49,,29.240.10,29.240.30,29.240.99,29.260.10,,,,,,,,,
K40,,,,,,,,,,,,,,
K41,,29.180,,,,,,,,,,,,
K42,,31.060.70,,,,,,,,,,,,
K43,,29.130.10,,,,,,,,,,,,
K44,,,,,,,,,,,,,,
K45,,,,,,,,,,,,,,
K46,,,,,,,,,,,,,,
K47,,,,,,,,,,,,,,
K48,,29.080.10,29.080.20,29.080.30,,,,,,,,,,
K49,,,,,,,,,,,,,,
K50/59,,,,,,,,,,,,,,
K51,,,,,,,,,,,,,,
K52,,29.160.40,29.160.20,,,,,,,,,,,
K54,,,,,,,,,,,,,,
K55,,,,,,,,,,,,,,
K56,,,,,,,,,,,,,,
K58,,,,,,,,,,,,,,
K59,,,,,,,,,,,,,,
K60/69,,,,,,,,,,,,,,
K60,,,,,,,,,,,,,,
K61,,25.180.10,,,,,,,,,,,,
K62,,,,,,,,,,,,,,
K63,,29.280,,,,,,,,,,,,
K64,,25.140.20,,,,,,,,,,,,
K65,,,,,,,,,,,,,,
K70/79,,29.140.40,29.140.50,29.140.99,,,,,,,,,,
K70,,,,,,,,,,,,,,
K71,,29.140,29.140.01,29.140.20,29.140.30,,,,,,,,,
K72,,,,,,,,,,,,,,
K73,,,,,,,,,,,,,,
K74,,29.140.10,,,,,,,,,,,,
K80/89,,29.220,29.220.01,29.220.10,29.220.20,29.220.30,29.220.99,,,,,,,
K80,,,,,,,,,,,,,,
K81,,29.200,,,,,,,,,,,,
K82,,27.070,,,,,,,,,,,,
K83,,,,,,,,,,,,,,
K84,,,,,,,,,,,,,,
K85,,,,,,,,,,,,,,
K90/99,,,,,,,,,,,,,,
K90,,,,,,,,,,,,,,
K91,,,,,,,,,,,,,,
K92,,,,,,,,,,,,,,
K93,,,,,,,,,,,,,,
K94,,,,,,,,,,,,,,
K95,,,,,,,,,,,,,,
K96,,,,,,,,,,,,,,
K97,,,,,,,,,,,,,,
L,,31,01.040.31,35,,,,,,,,,,
L00/09,,35.020,,,,,,,,,,,,
L00,,,,,,,,,,,,,,
L01,,,,,,,,,,,,,,
L02,,,,,,,,,,,,,,
L04,,01.080.50,01.100.27,,,,,,,,,,,
L05,,,,,,,,,,,,,,
L06,,33.100,33.100.01,33.100.10,33.100.20,33.100.99,,,,,,,,
L07,,,,,,,,,,,,,,
L08,,,,,,,,,,,,,,
L09,,,,,,,,,,,,,,
L10/34,,,,,,,,,,,,,,
L10,,31.020,31.220,31.220.01,31.220.99,31.240,,,,,,,,
L11,,31.060,31.060.01,31.060.10,31.060.20,31.060.30,31.060.40,31.060.50,31.060.60,31.060.99,,,,
L13,,31.040,31.040.01,31.040.10,31.040.99,,,,,,,,,
L14,,31.040.20,,,,,,,,,,,,
L15,,31.040.30,,,,,,,,,,,,
L17,,,,,,,,,,,,,,
L18,,31.160,,,,,,,,,,,,
L19,,29.100.10,,,,,,,,,,,,
L21,,31.140,,,,,,,,,,,,
L22,,31.220.20,,,,,,,,,,,,
L23,,31.220.10,33.120.30,,,,,,,,,,,
L24,,,,,,,,,,,,,,
L25,,,,,,,,,,,,,,
L26,,33.120.10,,,,,,,,,,,,
L30,,31.180,,,,,,,,,,,,
L31,,,,,,,,,,,,,,
L33,,,,,,,,,,,,,,
L34,,,,,,,,,,,,,,
L35/39,,31.100,,,,,,,,,,,,
L35,,,,,,,,,,,,,,
L36,,,,,,,,,,,,,,
L37,,,,,,,,,,,,,,
L38,,,,,,,,,,,,,,
L39,,,,,,,,,,,,,,
L40/49,,31.080,,,,,,,,,,,,
L40,,31.080.01,,,,,,,,,,,,
L41,,31.080.10,,,,,,,,,,,,
L42,,31.080.30,,,,,,,,,,,,
L43,,31.080.20,,,,,,,,,,,,
L44,,,,,,,,,,,,,,
L45,,,,,,,,,,,,,,
L46,,,,,,,,,,,,,,
L47,,31.080.99,,,,,,,,,,,,
L50/54,,31.260,,,,,,,,,,,,
L50,,,,,,,,,,,,,,
L51,,,,,,,,,,,,,,
L52,,,,,,,,,,,,,,
L53,,31.120,,,,,,,,,,,,
L54,,,,,,,,,,,,,,
L55/59,,31.200,,,,,,,,,,,,
L55,,,,,,,,,,,,,,
L56,,,,,,,,,,,,,,
L57,,,,,,,,,,,,,,
L58,,,,,,,,,,,,,,
L59,,31.190,,,,,,,,,,,,
L60/69,,,,,,,,,,,,,,
L60,,,,,,,,,,,,,,
L61,,,,,,,,,,,,,,
L62,,35.160,,,,,,,,,,,,
L63,,35.180,,,,,,,,,,,,
L64,,35.220,35.220.01,35.220.10,35.220.20,35.220.21,35.220.22,35.220.23,35.220.30,35.220.99,35.240.15,,,
L65,,35.200,,,,,,,,,,,,
L66,,,,,,,,,,,,,,
L67,,35.240,35.240.01,35.240.10,35.240.20,35.240.50,35.240.99,,,,,,,
L70/84,,,,,,,,,,,,,,
L70,,01.040.35,,,,,,,,,,,,
L71,,35.040,,,,,,,,,,,,
L72,,,,,,,,,,,,,,
L73,,,,,,,,,,,,,,
L74,,35.060,,,,,,,,,,,,
L75,,,,,,,,,,,,,,
L76,,,,,,,,,,,,,,
L77,,35.080,,,,,,,,,,,,
L78,,,,,,,,,,,,,,
L79,,35.110,35.100,35.100.01,35.100.05,35.100.10,35.100.20,35.100.30,35.100.40,35.100.50,35.100.60,35.100.70,,
L80,,,,,,,,,,,,,,
L81,,35.140,,,,,,,,,,,,
L85/89,,,,,,,,,,,,,,
L85,,,,,,,,,,,,,,
L86,,,,,,,,,,,,,,
L87,,,,,,,,,,,,,,
L88,,,,,,,,,,,,,,
L89,,,,,,,,,,,,,,
L90/94,,,,,,,,,,,,,,
L90,,,,,,,,,,,,,,
L91,,,,,,,,,,,,,,
L92,,,,,,,,,,,,,,
L93,,,,,,,,,,,,,,
L94,,,,,,,,,,,,,,
L95/99,,,,,,,,,,,,,,
L95,,,,,,,,,,,,,,
L96,,,,,,,,,,,,,,
L97,,,,,,,,,,,,,,
L98,,,,,,,,,,,,,,
L99,,,,,,,,,,,,,,
M,,33,,,,,,,,,,,,
M00/09,,33.020,,,,,,,,,,,,
M00,,,,,,,,,,,,,,
M01,,,,,,,,,,,,,,
M02,,,,,,,,,,,,,,
M04,,01.040.33,33.140,,,,,,,,,,,
M05,,33.120,33.120.01,33.120.99,,,,,,,,,,
M07,,,,,,,,,,,,,,
M08,,,,,,,,,,,,,,
M09,,,,,,,,,,,,,,
M10/29,,33.040,,,,,,,,,,,,
M10,,33.040.01,,,,,,,,,,,,
M11,,,,,,,,,,,,,,
M12,,,,,,,,,,,,,,
M13,,33.040.35,33.040.40,33.040.99,33.060,33.060.01,33.080,33.180,,,,,,
M14,,33.040.20,33.040.50,33.180.01,,,,,,,,,,
M15,,,,,,,,,,,,,,
M16,,33.040.30,,,,,,,,,,,,
M17,,,,,,,,,,,,,,
M18,,,,,,,,,,,,,,
M19,,,,,,,,,,,,,,
M20,,,,,,,,,,,,,,
M21,,33.030,,,,,,,,,,,,
M30/49,,33.050,33.050.01,33.050.99,,,,,,,,,,
M30,,,,,,,,,,,,,,
M31,,33.060.70,,,,,,,,,,,,
M32,,,,,,,,,,,,,,
M33,,33.180.10,33.180.20,33.180.30,33.180.99,,,,,,,,,
M34,,,,,,,,,,,,,,
M35,,33.060.75,,,,,,,,,,,,
M36,,33.060.20,33.060.30,33.060.40,,,,,,,,,,
M37,,33.050.20,33.060.65,33.060.80,33.060.60,33.060.99,,,,,,,,
M38,,,,,,,,,,,,,,
M39,,33.050.30,,,,,,,,,,,,
M40,,33.050.10,,,,,,,,,,,,
M41,,,,,,,,,,,,,,
M42,,,,,,,,,,,,,,
M50/59,,,,,,,,,,,,,,
M50,,,,,,,,,,,,,,
M51,,33.120.40,,,,,,,,,,,,
M53,,,,,,,,,,,,,,
M54,,33.200,,,,,,,,,,,,
M57,,,,,,,,,,,,,,
M58,,,,,,,,,,,,,,
M60/69,,33.160,,,,,,,,,,,,
M60,,33.160.01,33.160.60,33.160.99,,,,,,,,,,
M61,,33.160.40,33.160.30,33.170,,,,,,,,,,
M62,,,,,,,,,,,,,,
M63,,,,,,,,,,,,,,
M64,,,,,,,,,,,,,,
M70/79,,,,,,,,,,,,,,
M70,,,,,,,,,,,,,,
M71,,,,,,,,,,,,,,
M72,,33.160.10,,,,,,,,,,,,
M73,,,,,,,,,,,,,,
M74,,33.160.25,33.160.50,33.160.20,,,,,,,,,,
M75,,,,,,,,,,,,,,
M76,,,,,,,,,,,,,,
M79,,,,,,,,,,,,,,
M80/89,,,,,,,,,,,,,,
M80,,03.240,,,,,,,,,,,,
M81,,,,,,,,,,,,,,
M82,,,,,,,,,,,,,,
M83,,,,,,,,,,,,,,
M84,,,,,,,,,,,,,,
M85,,,,,,,,,,,,,,
M90/99,,,,,,,,,,,,,,
M90,,,,,,,,,,,,,,
M91,,,,,,,,,,,,,,
M92,,,,,,,,,,,,,,
M93,,,,,,,,,,,,,,
N,,,,,,,,,,,,,,
N00/09,,,,,,,,,,,,,,
N00,,,,,,,,,,,,,,
N01,,,,,,,,,,,,,,
N02,,,,,,,,,,,,,,
N04,,,,,,,,,,,,,,
N05,,,,,,,,,,,,,,
N06,,,,,,,,,,,,,,
N07,,,,,,,,,,,,,,
N08,,,,,,,,,,,,,,
N09,,,,,,,,,,,,,,
N10/19,,,,,,,,,,,,,,
N10,,25.040,25.040.01,25.040.99,,,,,,,,,,
N11,,,,,,,,,,,,,,
N12,,17.120,17.120.01,17.120.10,17.120.20,,,,,,,,,
N13,,,,,,,,,,,,,,
N14,,,,,,,,,,,,,,
N15,,,,,,,,,,,,,,
N16,,,,,,,,,,,,,,
N17,,,,,,,,,,,,,,
N18,,25.040.40,,,,,,,,,,,,
N19,,55.230,,,,,,,,,,,,
N20/29,,,,,,,,,,,,,,
N20,,,,,,,,,,,,,,
N21,,,,,,,,,,,,,,
N22,,,,,,,,,,,,,,
N23,,,,,,,,,,,,,,
N24,,,,,,,,,,,,,,
N25,,,,,,,,,,,,,,
N26,,,,,,,,,,,,,,
N27,,,,,,,,,,,,,,
N28,,,,,,,,,,,,,,
N29,,,,,,,,,,,,,,
N30/39,,17.180.30,,,,,,,,,,,,
N30,,,,,,,,,,,,,,
N31,,,,,,,,,,,,,,
N32,,,,,,,,,,,,,,
N33,,,,,,,,,,,,,,
N34,,,,,,,,,,,,,,
N35,,,,,,,,,,,,,,
N38,,37.020,,,,,,,,,,,,
N40/49,,37.040.10,37.060.10,,,,,,,,,,,
N40,,,,,,,,,,,,,,
N41,,,,,,,,,,,,,,
N42,,,,,,,,,,,,,,
N43,,,,,,,,,,,,,,
N44,,,,,,,,,,,,,,
N45,,,,,,,,,,,,,,
N46,,,,,,,,,,,,,,
N47,,,,,,,,,,,,,,
N50/59,,,,,,,,,,,,,,
N50,,,,,,,,,,,,,,
N51,,,,,,,,,,,,,,
N52,,,,,,,,,,,,,,
N53,,,,,,,,,,,,,,
N54,,,,,,,,,,,,,,
N55,,,,,,,,,,,,,,
N56,,,,,,,,,,,,,,
N60/69,,,,,,,,,,,,,,
N60,,,,,,,,,,,,,,
N61,,,,,,,,,,,,,,
N62,,,,,,,,,,,,,,
N63,,,,,,,,,,,,,,
N64,,,,,,,,,,,,,,
N65,,,,,,,,,,,,,,
N67,,,,,,,,,,,,,,
N68,,,,,,,,,,,,,,
N70/79,,19.060,,,,,,,,,,,,
N70,,19.100,,,,,,,,,,,,
N71,,,,,,,,,,,,,,
N72,,,,,,,,,,,,,,
N73,,21.120.40,,,,,,,,,,,,
N74,,,,,,,,,,,,,,
N75,,,,,,,,,,,,,,
N77,,,,,,,,,,,,,,
N78,,,,,,,,,,,,,,
N90/99,,,,,,,,,,,,,,
N91,,,,,,,,,,,,,,
N92,,,,,,,,,,,,,,
N93,,,,,,,,,,,,,,
N94,,,,,,,,,,,,,,
N95,,,,,,,,,,,,,,
N96,,,,,,,,,,,,,,
P,,91.010,01.040.91,91,91.200,93,,,,,,,,
P00/09,,01.040.95,91.010.01,91.010.99,93.010,95,95.020,,,,,,,
P00,,,,,,,,,,,,,,
P01,,91.010.30,,,,,,,,,,,,
P02,,91.010.10,91.010.20,,,,,,,,,,,
P04,,01.040.93,01.080.30,01.100.30,,,,,,,,,,
P07,,,,,,,,,,,,,,
P09,,,,,,,,,,,,,,
P10/14,,,,,,,,,,,,,,
P10,,,,,,,,,,,,,,
P11,,,,,,,,,,,,,,
P12,,,,,,,,,,,,,,
P13,,,,,,,,,,,,,,
P14,,,,,,,,,,,,,,
P15/19,,91.120.01,91.120,91.120.30,91.120.40,91.120.99,,,,,,,,
P15,,91.120.25,,,,,,,,,,,,
P16,,13.220.50,91.120.10,,,,,,,,,,,
P18,,,,,,,,,,,,,,
P20/29,,91.080,91.080.01,91.080.99,,,,,,,,,,
P20,,,,,,,,,,,,,,
P21,,,,,,,,,,,,,,
P22,,93.020,,,,,,,,,,,,
P23,,91.080.20,,,,,,,,,,,,
P24,,91.080.30,,,,,,,,,,,,
P25,,91.080.40,,,,,,,,,,,,
P26,,91.080.10,,,,,,,,,,,,
P27,,,,,,,,,,,,,,
P28,,93.060,93.040,97.130,,,,,,,,,,
P30/39,,91.040,91.040.01,91.040.99,97.130.01,97.130.99,,,,,,,,
P30,,,,,,,,,,,,,,
P31,,91.160,91.160.01,91.160.10,91.160.20,91.120.20,,,,,,,,
P32,,91.060,91.060.01,91.060.10,91.060.20,91.060.30,91.060.50,91.060.40,91.060.99,91.180,,,,
P33,,91.040.10,91.040.30,,,,,,,,,,,
P34,,91.040.20,,,,,,,,,,,,
P35,,65.040,65.040.01,65.040.10,65.040.20,65.040.30,65.040.99,,,,,,,
P36,,,,,,,,,,,,,,
P40/44,,91.090,93.030,,,,,,,,,,,
P40,,,,,,,,,,,,,,
P41,,,,,,,,,,,,,,
P42,,,,,,,,,,,,,,
P45/49,,,,,,,,,,,,,,
P45,,,,,,,,,,,,,,
P46,,,,,,,,,,,,,,
P47,,,,,,,,,,,,,,
P48,,,,,,,,,,,,,,
P49,,97.130.20,,,,,,,,,,,,
P50/54,,91.020,,,,,,,,,,,,
P50,,,,,,,,,,,,,,
P51,,,,,,,,,,,,,,
P52,,93.110,,,,,,,,,,,,
P53,,,,,,,,,,,,,,
P55/59,,,,,,,,,,,,,,
P55,,,,,,,,,,,,,,
P56,,,,,,,,,,,,,,
P57,,,,,,,,,,,,,,
P58,,,,,,,,,,,,,,
P59,,27.140,93.160,,,,,,,,,,,
P60/64,,,,,,,,,,,,,,
P60,,,,,,,,,,,,,,
P61,,,,,,,,,,,,,,
P62,,29.240.20,,,,,,,,,,,,
P63,,,,,,,,,,,,,,
P64,,,,,,,,,,,,,,
P65/69,,,,,,,,,,,,,,
P65,,93.100,,,,,,,,,,,,
P66,,93.080,93.080.01,93.080.10,93.080.99,93.080.20,93.080.30,93.080.40,,,,,,
P67,,93.140,,,,,,,,,,,,
P68,,93.120,,,,,,,,,,,,
P70/79,,,,,,,,,,,,,,
P70,,,,,,,,,,,,,,
P71,,,,,,,,,,,,,,
P72,,,,,,,,,,,,,,
P73,,,,,,,,,,,,,,
P74,,,,,,,,,,,,,,
P75,,,,,,,,,,,,,,
P76,,,,,,,,,,,,,,
P77,,,,,,,,,,,,,,
P80/84,,,,,,,,,,,,,,
P80,,01.040.25,25,,,,,,,,,,,
P81,,,,,,,,,,,,,,
P82,,,,,,,,,,,,,,
P83,,,,,,,,,,,,,,
P84,,,,,,,,,,,,,,
P85/89,,,,,,,,,,,,,,
P85,,,,,,,,,,,,,,
P86,,,,,,,,,,,,,,
P87,,,,,,,,,,,,,,
P88,,,,,,,,,,,,,,
P89,,,,,,,,,,,,,,
P90/94,,,,,,,,,,,,,,
P90,,,,,,,,,,,,,,
P91,,,,,,,,,,,,,,
P92,,,,,,,,,,,,,,
P93,,,,,,,,,,,,,,
P94,,,,,,,,,,,,,,
P95/99,,53.100,91.220,,,,,,,,,,,
P95,,,,,,,,,,,,,,
P96,,,,,,,,,,,,,,
P97,,,,,,,,,,,,,,
P98,,,,,,,,,,,,,,
Q,,,,,,,,,,,,,,
Q00/09,,,,,,,,,,,,,,
Q00,,,,,,,,,,,,,,
Q01,,,,,,,,,,,,,,
Q02,,,,,,,,,,,,,,
Q04,,,,,,,,,,,,,,
Q07,,,,,,,,,,,,,,
Q08,,,,,,,,,,,,,,
Q09,,,,,,,,,,,,,,
Q10/29,,91.100,,,,,,,,,,,,
Q10,,91.100.01,91.100.99,91.190,,,,,,,,,,
Q11,,91.100.10,,,,,,,,,,,,
Q12,,91.100.15,,,,,,,,,,,,
Q13,,,,,,,,,,,,,,
Q14,,91.100.30,,,,,,,,,,,,
Q15,,,,,,,,,,,,,,
Q17,,,,,,,,,,,,,,
Q18,,,,,,,,,,,,,,
Q20,,,,,,,,,,,,,,
Q21,,,,,,,,,,,,,,
Q22,,,,,,,,,,,,,,
Q23,,91.100.40,,,,,,,,,,,,
Q24,,91.100.50,,,,,,,,,,,,
Q25,,91.100.60,,,,,,,,,,,,
Q27,,,,,,,,,,,,,,
Q30/39,,81,,,,,,,,,,,,
Q30,,01.040.81,81.020,81.040.10,81.040,81.040.01,81.040.30,81.060,81.060.01,81.060.10,81.060.20,81.060.30,81.060.99,
Q31,,91.100.25,,,,,,,,,,,,
Q32,,,,,,,,,,,,,,
Q33,,81.040.20,,,,,,,,,,,,
Q34,,,,,,,,,,,,,,
Q35,,,,,,,,,,,,,,
Q36,,59.100.10,,,,,,,,,,,,
Q37,,,,,,,,,,,,,,
Q38,,,,,,,,,,,,,,
Q40/49,,81.080,,,,,,,,,,,,
Q40,,,,,,,,,,,,,,
Q41,,,,,,,,,,,,,,
Q42,,,,,,,,,,,,,,
Q43,,,,,,,,,,,,,,
Q44,,,,,,,,,,,,,,
Q45,,,,,,,,,,,,,,
Q46,,,,,,,,,,,,,,
Q47,,,,,,,,,,,,,,
Q49,,,,,,,,,,,,,,
Q50/59,,,,,,,,,,,,,,
Q50,,,,,,,,,,,,,,
Q51,,,,,,,,,,,,,,
Q52,,59.100.20,,,,,,,,,,,,
Q53,,,,,,,,,,,,,,
Q60/69,,,,,,,,,,,,,,
Q60,,,,,,,,,,,,,,
Q61,,,,,,,,,,,,,,
Q62,,,,,,,,,,,,,,
Q63,,,,,,,,,,,,,,
Q64,,,,,,,,,,,,,,
Q65,,,,,,,,,,,,,,
Q69,,,,,,,,,,,,,,
Q70/79,,91.140,,,,,,,,,,,,
Q70,,91.140.01,91.140.65,91.140.70,91.140.99,,,,,,,,,
Q71,,,,,,,,,,,,,,
Q72,,,,,,,,,,,,,,
Q73,,,,,,,,,,,,,,
Q74,,,,,,,,,,,,,,
Q75,,,,,,,,,,,,,,
Q76,,91.140.10,91.140.30,,,,,,,,,,,
Q77,,91.140.50,,,,,,,,,,,,
Q78,,91.140.90,,,,,,,,,,,,
Q80/89,,,,,,,,,,,,,,
Q80,,,,,,,,,,,,,,
Q81,,91.140.60,91.140.80,,,,,,,,,,,
Q82,,91.140.40,,,,,,,,,,,,
Q83,,,,,,,,,,,,,,
Q84,,,,,,,,,,,,,,
Q85,,,,,,,,,,,,,,
Q86,,,,,,,,,,,,,,
Q87,,,,,,,,,,,,,,
Q90/99,,,,,,,,,,,,,,
Q90,,,,,,,,,,,,,,
Q91,,,,,,,,,,,,,,
Q92,,,,,,,,,,,,,,
Q93,,,,,,,,,,,,,,
Q94,,,,,,,,,,,,,,
Q95,,,,,,,,,,,,,,
Q96,,,,,,,,,,,,,,
Q99,,,,,,,,,,,,,,
R,,,,,,,,,,,,,,
R00/09,,,,,,,,,,,,,,
R00,,,,,,,,,,,,,,
R01,,,,,,,,,,,,,,
R02,,,,,,,,,,,,,,
R04,,,,,,,,,,,,,,
R06,,,,,,,,,,,,,,
R07,,35.240.60,,,,,,,,,,,,
R08,,,,,,,,,,,,,,
R09,,,,,,,,,,,,,,
R10/19,,,,,,,,,,,,,,
R10,,03.220.20,,,,,,,,,,,,
R11,,,,,,,,,,,,,,
R12,,,,,,,,,,,,,,
R13,,,,,,,,,,,,,,
R14,,,,,,,,,,,,,,
R15,,,,,,,,,,,,,,
R16,,,,,,,,,,,,,,
R17,,,,,,,,,,,,,,
R18,,,,,,,,,,,,,,
R19,,,,,,,,,,,,,,
R20/29,,03.220.40,,,,,,,,,,,,
R20,,,,,,,,,,,,,,
R21,,,,,,,,,,,,,,
R22,,,,,,,,,,,,,,
R24,,,,,,,,,,,,,,
R25,,,,,,,,,,,,,,
R26,,,,,,,,,,,,,,
R27,,,,,,,,,,,,,,
R28,,,,,,,,,,,,,,
R29,,,,,,,,,,,,,,
R30/39,,,,,,,,,,,,,,
R30,,,,,,,,,,,,,,
R31,,,,,,,,,,,,,,
R32,,,,,,,,,,,,,,
R33,,,,,,,,,,,,,,
R34,,,,,,,,,,,,,,
R40/49,,,,,,,,,,,,,,
R40,,,,,,,,,,,,,,
R41,,,,,,,,,,,,,,
R42,,,,,,,,,,,,,,
R43,,,,,,,,,,,,,,
R44,,,,,,,,,,,,,,
R45,,,,,,,,,,,,,,
R46,,,,,,,,,,,,,,
R50/59,,,,,,,,,,,,,,
R50,,,,,,,,,,,,,,
R51,,,,,,,,,,,,,,
R52,,,,,,,,,,,,,,
R53,,,,,,,,,,,,,,
R54,,,,,,,,,,,,,,
R55,,,,,,,,,,,,,,
R56,,,,,,,,,,,,,,
R60/69,,,,,,,,,,,,,,
R60,,,,,,,,,,,,,,
R61,,,,,,,,,,,,,,
R62,,,,,,,,,,,,,,
R63,,,,,,,,,,,,,,
R64,,,,,,,,,,,,,,
R80/89,,,,,,,,,,,,,,
R80,,,,,,,,,,,,,,
R81,,,,,,,,,,,,,,
R82,,,,,,,,,,,,,,
R84,,,,,,,,,,,,,,
R85,,,,,,,,,,,,,,
R86,,,,,,,,,,,,,,
R87,,,,,,,,,,,,,,
S,,45,,,,,,,,,,,,
S00/09,,45.020,,,,,,,,,,,,
S00,,,,,,,,,,,,,,
S01,,,,,,,,,,,,,,
S02,,,,,,,,,,,,,,
S04,,01.040.45,,,,,,,,,,,,
S05,,45.040,,,,,,,,,,,,
S06,,,,,,,,,,,,,,
S07,,,,,,,,,,,,,,
S09,,,,,,,,,,,,,,
S10/29,,,,,,,,,,,,,,
S10,,,,,,,,,,,,,,
S11,,45.080,,,,,,,,,,,,
S12,,,,,,,,,,,,,,
S13,,45.100,45.120,,,,,,,,,,,
S14,,,,,,,,,,,,,,
S16,,,,,,,,,,,,,,
S17,,,,,,,,,,,,,,
S19,,,,,,,,,,,,,,
S20,,,,,,,,,,,,,,
S21,,,,,,,,,,,,,,
S22,,,,,,,,,,,,,,
S23,,,,,,,,,,,,,,
S24,,,,,,,,,,,,,,
S30/39,,45.060,,,,,,,,,,,,
S30,,45.060.01,,,,,,,,,,,,
S31,,,,,,,,,,,,,,
S32,,,,,,,,,,,,,,
S33,,,,,,,,,,,,,,
S34,,,,,,,,,,,,,,
S35,,,,,,,,,,,,,,
S38,,,,,,,,,,,,,,
S39,,,,,,,,,,,,,,
S40/49,,45.060.10,,,,,,,,,,,,
S40,,,,,,,,,,,,,,
S41,,,,,,,,,,,,,,
S42,,,,,,,,,,,,,,
S43,,,,,,,,,,,,,,
S45,,,,,,,,,,,,,,
S46,,,,,,,,,,,,,,
S49,,,,,,,,,,,,,,
S50/59,,45.060.20,,,,,,,,,,,,
S50,,,,,,,,,,,,,,
S51,,,,,,,,,,,,,,
S52,,,,,,,,,,,,,,
S53,,,,,,,,,,,,,,
S55,,,,,,,,,,,,,,
S56,,,,,,,,,,,,,,
S60/69,,,,,,,,,,,,,,
S60,,,,,,,,,,,,,,
S61,,,,,,,,,,,,,,
S62,,,,,,,,,,,,,,
S63,,,,,,,,,,,,,,
S64,,,,,,,,,,,,,,
S65,,,,,,,,,,,,,,
S68,,,,,,,,,,,,,,
S69,,,,,,,,,,,,,,
S70/79,,,,,,,,,,,,,,
S70,,,,,,,,,,,,,,
S71,,,,,,,,,,,,,,
S72,,,,,,,,,,,,,,
S73,,,,,,,,,,,,,,
S78,,,,,,,,,,,,,,
S79,,,,,,,,,,,,,,
S80/84,,,,,,,,,,,,,,
S80,,,,,,,,,,,,,,
S81,,,,,,,,,,,,,,
S82,,,,,,,,,,,,,,
S83,,,,,,,,,,,,,,
S84,,,,,,,,,,,,,,
S90/99,,,,,,,,,,,,,,
S90,,03.220.30,,,,,,,,,,,,
S91,,,,,,,,,,,,,,
S92,,,,,,,,,,,,,,
S93,,,,,,,,,,,,,,
S94,,,,,,,,,,,,,,
S97,,,,,,,,,,,,,,
S98,,,,,,,,,,,,,,
S99,,,,,,,,,,,,,,
T,,43,,,,,,,,,,,,
T00/09,,43.020,,,,,,,,,,,,
T00,,,,,,,,,,,,,,
T01,,,,,,,,,,,,,,
T02,,,,,,,,,,,,,,
T04,,01.040.43,43.040,43.040.01,43.180,,,,,,,,,
T05,,43.040.99,,,,,,,,,,,,
T06,,,,,,,,,,,,,,
T07,,,,,,,,,,,,,,
T08,,,,,,,,,,,,,,
T09,,,,,,,,,,,,,,
T10/19,,43.060,,,,,,,,,,,,
T10,,43.060.01,,,,,,,,,,,,
T11,,43.060.99,43.060.50,,,,,,,,,,,
T12,,43.060.10,,,,,,,,,,,,
T13,,43.060.20,,,,,,,,,,,,
T14,,43.060.30,43.060.40,,,,,,,,,,,
T20/29,,43.040.60,,,,,,,,,,,,
T20,,,,,,,,,,,,,,
T21,,43.040.50,43.040.70,,,,,,,,,,,
T22,,,,,,,,,,,,,,
T23,,43.040.30,,,,,,,,,,,,
T24,,43.040.40,,,,,,,,,,,,
T25,,,,,,,,,,,,,,
T26,,,,,,,,,,,,,,
T27,,,,,,,,,,,,,,
T28,,,,,,,,,,,,,,
T30/34,,,,,,,,,,,,,,
T30,,,,,,,,,,,,,,
T31,,,,,,,,,,,,,,
T32,,,,,,,,,,,,,,
T33,,,,,,,,,,,,,,
T34,,,,,,,,,,,,,,
T35/39,,,,,,,,,,,,,,
T35,,,,,,,,,,,,,,
T36,,43.040.10,,,,,,,,,,,,
T37,,,,,,,,,,,,,,
T38,,43.040.20,,,,,,,,,,,,
T39,,,,,,,,,,,,,,
T40/49,,43.080,,,,,,,,,,,,
T40,,43.080.01,,,,,,,,,,,,
T41,,,,,,,,,,,,,,
T42,,43.080.20,43.100,,,,,,,,,,,
T43,,43.080.10,,,,,,,,,,,,
T44,,,,,,,,,,,,,,
T45,,,,,,,,,,,,,,
T46,,,,,,,,,,,,,,
T47,,43.120,43.080.99,,,,,,,,,,,
T50/59,,43.160,53.060,,,,,,,,,,,
T50,,,,,,,,,,,,,,
T51,,,,,,,,,,,,,,
T52,,,,,,,,,,,,,,
T53,,,,,,,,,,,,,,
T54,,,,,,,,,,,,,,
T55,,,,,,,,,,,,,,
T56,,,,,,,,,,,,,,
T57,,,,,,,,,,,,,,
T58,,,,,,,,,,,,,,
T59,,,,,,,,,,,,,,
T60/69,,65.060.10,,,,,,,,,,,,
T60,,,,,,,,,,,,,,
T61,,,,,,,,,,,,,,
T62,,,,,,,,,,,,,,
T63,,,,,,,,,,,,,,
T64,,,,,,,,,,,,,,
T65,,,,,,,,,,,,,,
T66,,,,,,,,,,,,,,
T67,,,,,,,,,,,,,,
T68,,,,,,,,,,,,,,
T69,,,,,,,,,,,,,,
T70/79,,,,,,,,,,,,,,
T70,,,,,,,,,,,,,,
T71,,,,,,,,,,,,,,
T72,,,,,,,,,,,,,,
T73,,,,,,,,,,,,,,
T74,,,,,,,,,,,,,,
T75,,23.020.20,,,,,,,,,,,,
T76,,,,,,,,,,,,,,
T80/89,,43.140,,,,,,,,,,,,
T80,,,,,,,,,,,,,,
T81,,,,,,,,,,,,,,
T82,,,,,,,,,,,,,,
T83,,,,,,,,,,,,,,
T84,,,,,,,,,,,,,,
T85,,,,,,,,,,,,,,
T90/99,,,,,,,,,,,,,,
T90,,,,,,,,,,,,,,
T91,,,,,,,,,,,,,,
T92,,,,,,,,,,,,,,
T93,,,,,,,,,,,,,,
T99,,53.120,97.130.30,,,,,,,,,,,
U,,47,,,,,,,,,,,,
U00/09,,47.020,,,,,,,,,,,,
U00,,,,,,,,,,,,,,
U01,,,,,,,,,,,,,,
U02,,,,,,,,,,,,,,
U04,,01.040.47,47.020.01,,,,,,,,,,,
U05,,47.020.05,,,,,,,,,,,,
U06,,,,,,,,,,,,,,
U07,,,,,,,,,,,,,,
U08,,,,,,,,,,,,,,
U09,,,,,,,,,,,,,,
U10/19,,47.020.10,47.020.99,,,,,,,,,,,
U10,,,,,,,,,,,,,,
U11,,,,,,,,,,,,,,
U12,,47.020.50,47.020.80,47.020.85,,,,,,,,,,
U13,,47.040,,,,,,,,,,,,
U14,,47.060,,,,,,,,,,,,
U15,,,,,,,,,,,,,,
U16,,,,,,,,,,,,,,
U17,,,,,,,,,,,,,,
U18,,47.080,,,,,,,,,,,,
U20/29,,,,,,,,,,,,,,
U20,,,,,,,,,,,,,,
U21,,,,,,,,,,,,,,
U22,,,,,,,,,,,,,,
U23,,,,,,,,,,,,,,
U24,,47.020.40,,,,,,,,,,,,
U25,,,,,,,,,,,,,,
U26,,,,,,,,,,,,,,
U27,,,,,,,,,,,,,,
U28,,,,,,,,,,,,,,
U30/39,,,,,,,,,,,,,,
U30,,,,,,,,,,,,,,
U31,,,,,,,,,,,,,,
U32,,,,,,,,,,,,,,
U33,,,,,,,,,,,,,,
U34,,,,,,,,,,,,,,
U35,,,,,,,,,,,,,,
U37,,,,,,,,,,,,,,
U40/49,,47.020.20,,,,,,,,,,,,
U40,,,,,,,,,,,,,,
U41,,,,,,,,,,,,,,
U42,,,,,,,,,,,,,,
U43,,,,,,,,,,,,,,
U44,,,,,,,,,,,,,,
U46,,,,,,,,,,,,,,
U47,,,,,,,,,,,,,,
U48,,,,,,,,,,,,,,
U50/59,,47.020.30,,,,,,,,,,,,
U50,,,,,,,,,,,,,,
U52,,,,,,,,,,,,,,
U53,,,,,,,,,,,,,,
U54,,47.020.90,,,,,,,,,,,,
U55,,,,,,,,,,,,,,
U56,,,,,,,,,,,,,,
U57,,,,,,,,,,,,,,
U60/69,,,,,,,,,,,,,,
U60,,,,,,,,,,,,,,
U61,,47.020.60,,,,,,,,,,,,
U62,,,,,,,,,,,,,,
U63,,,,,,,,,,,,,,
U65,,47.020.70,,,,,,,,,,,,
U66,,,,,,,,,,,,,,
U67,,,,,,,,,,,,,,
U68,,,,,,,,,,,,,,
U69,,,,,,,,,,,,,,
U80/89,,,,,,,,,,,,,,
U80,,,,,,,,,,,,,,
U81,,,,,,,,,,,,,,
U82,,,,,,,,,,,,,,
U83,,,,,,,,,,,,,,
U84,,,,,,,,,,,,,,
U90/99,,,,,,,,,,,,,,
U90,,,,,,,,,,,,,,
U91,,,,,,,,,,,,,,
U92,,,,,,,,,,,,,,
U93,,,,,,,,,,,,,,
U99,,,,,,,,,,,,,,
V,,49,,,,,,,,,,,,
V00/09,,49.020,,,,,,,,,,,,
V00,,,,,,,,,,,,,,
V01,,,,,,,,,,,,,,
V02,,,,,,,,,,,,,,
V04,,01.040.49,,,,,,,,,,,,
V05,,,,,,,,,,,,,,
V06,,,,,,,,,,,,,,
V07,,,,,,,,,,,,,,
V08,,,,,,,,,,,,,,
V09,,,,,,,,,,,,,,
V10/19,,49.025,49.025.50,49.025.60,49.025.99,49.040,,,,,,,,
V10,,49.025.01,,,,,,,,,,,,
V11,,49.025.05,49.025.10,49.025.15,49.025.20,49.025.30,,,,,,,,
V13,,49.025.40,,,,,,,,,,,,
V15,,,,,,,,,,,,,,
V16,,,,,,,,,,,,,,
V18,,,,,,,,,,,,,,
V20/29,,49.035,,,,,,,,,,,,
V20,,49.030,49.030.01,49.030.20,49.030.10,49.030.40,49.030.30,49.030.50,49.030.60,49.030.99,,,,
V21,,,,,,,,,,,,,,
V22,,49.045,,,,,,,,,,,,
V23,,,,,,,,,,,,,,
V25,,,,,,,,,,,,,,
V26,,,,,,,,,,,,,,
V27,,,,,,,,,,,,,,
V28,,,,,,,,,,,,,,
V29,,,,,,,,,,,,,,
V30/34,,49.050,,,,,,,,,,,,
V30,,,,,,,,,,,,,,
V31,,,,,,,,,,,,,,
V32,,,,,,,,,,,,,,
V35/49,,,,,,,,,,,,,,
V35,,,,,,,,,,,,,,
V36,,,,,,,,,,,,,,
V37,,,,,,,,,,,,,,
V38,,,,,,,,,,,,,,
V39,,49.080,,,,,,,,,,,,
V40,,49.060,,,,,,,,,,,,
V41,,,,,,,,,,,,,,
V42,,,,,,,,,,,,,,
V43,,,,,,,,,,,,,,
V44,,,,,,,,,,,,,,
V45,,49.090,,,,,,,,,,,,
V46,,,,,,,,,,,,,,
V47,,,,,,,,,,,,,,
V50/59,,,,,,,,,,,,,,
V50,,03.220.50,,,,,,,,,,,,
V51,,49.095,,,,,,,,,,,,
V52,,49.120,,,,,,,,,,,,
V53,,,,,,,,,,,,,,
V54,,,,,,,,,,,,,,
V55,,,,,,,,,,,,,,
V56,,49.100,,,,,,,,,,,,
V57,,,,,,,,,,,,,,
V58,,,,,,,,,,,,,,
V59,,,,,,,,,,,,,,
V70/79,,49.140,,,,,,,,,,,,
V70,,,,,,,,,,,,,,
V71,,,,,,,,,,,,,,
V72,,,,,,,,,,,,,,
V73,,,,,,,,,,,,,,
V74,,,,,,,,,,,,,,
V75,,,,,,,,,,,,,,
V76,,,,,,,,,,,,,,
V80/89,,,,,,,,,,,,,,
V80,,,,,,,,,,,,,,
V81,,,,,,,,,,,,,,
V82,,,,,,,,,,,,,,
V83,,,,,,,,,,,,,,
V84,,,,,,,,,,,,,,
V85,,,,,,,,,,,,,,
V86,,,,,,,,,,,,,,
V90/99,,,,,,,,,,,,,,
V90,,,,,,,,,,,,,,
V91,,,,,,,,,,,,,,
V92,,,,,,,,,,,,,,
V93,,,,,,,,,,,,,,
V94,,,,,,,,,,,,,,
V95,,,,,,,,,,,,,,
V96,,,,,,,,,,,,,,
V97,,,,,,,,,,,,,,
W,,59,,,,,,,,,,,,
W00/09,,59.060,59.060.01,59.040,,,,,,,,,,
W00,,,,,,,,,,,,,,
W01,,,,,,,,,,,,,,
W02,,,,,,,,,,,,,,
W04,,01.040.59,59.060.10,59.060.99,,,,,,,,,,
W05,,59.020,,,,,,,,,,,,
W06,,,,,,,,,,,,,,
W07,,,,,,,,,,,,,,
W08,,,,,,,,,,,,,,
W09,,,,,,,,,,,,,,
W10/19,,,,,,,,,,,,,,
W10,,,,,,,,,,,,,,
W11,,,,,,,,,,,,,,
W12,,59.080.20,,,,,,,,,,,,
W13,,,,,,,,,,,,,,
W20/29,,,,,,,,,,,,,,
W20,,,,,,,,,,,,,,
W21,,,,,,,,,,,,,,
W22,,,,,,,,,,,,,,
W23,,,,,,,,,,,,,,
W27,,59.060.30,,,,,,,,,,,,
W30/39,,,,,,,,,,,,,,
W30,,,,,,,,,,,,,,
W31,,,,,,,,,,,,,,
W32,,,,,,,,,,,,,,
W33,,55.080,,,,,,,,,,,,
W40/49,,,,,,,,,,,,,,
W40,,,,,,,,,,,,,,
W41,,,,,,,,,,,,,,
W42,,,,,,,,,,,,,,
W43,,,,,,,,,,,,,,
W50/54,,59.060.20,59.100,59.100.01,59.100.99,,,,,,,,,
W50,,,,,,,,,,,,,,
W51,,,,,,,,,,,,,,
W52,,59.100.30,,,,,,,,,,,,
W55/59,,59.080.30,59.080.40,59.080,59.080.99,,,,,,,,,
W55,,59.080.01,,,,,,,,,,,,
W56,,59.080.60,,,,,,,,,,,,
W57,,,,,,,,,,,,,,
W58,,59.080.50,,,,,,,,,,,,
W59,,59.080.70,,,,,,,,,,,,
W60/69,,,,,,,,,,,,,,
W60,,,,,,,,,,,,,,
W61,,,,,,,,,,,,,,
W62,,,,,,,,,,,,,,
W63,,,,,,,,,,,,,,
W70/79,,,,,,,,,,,,,,
W70,,,,,,,,,,,,,,
W71,,,,,,,,,,,,,,
W72,,,,,,,,,,,,,,
W73,,,,,,,,,,,,,,
W74,,,,,,,,,,,,,,
W76,,,,,,,,,,,,,,
W77,,,,,,,,,,,,,,
W90/99,,59.120,59.120.99,,,,,,,,,,,
W90,,59.120.01,,,,,,,,,,,,
W91,,,,,,,,,,,,,,
W92,,,,,,,,,,,,,,
W93,,59.120.10,59.120.20,,,,,,,,,,,
W94,,59.120.30,,,,,,,,,,,,
W95,,59.120.50,,,,,,,,,,,,
W96,,59.120.40,,,,,,,,,,,,
W97,,,,,,,,,,,,,,
W98,,,,,,,,,,,,,,
X,,67,67.020,,,,,,,,,,,
X00/09,,67.040,,,,,,,,,,,,
X00,,,,,,,,,,,,,,
X01,,,,,,,,,,,,,,
X02,,,,,,,,,,,,,,
X04,,01.040.67,07.100.30,67.050,67.240,,,,,,,,,
X07,,,,,,,,,,,,,,
X08,,67.250,,,,,,,,,,,,
X09,,,,,,,,,,,,,,
X10/29,,,,,,,,,,,,,,
X10,,,,,,,,,,,,,,
X11,,67.060,67.180.20,,,,,,,,,,,
X14,,67.200,67.200.10,67.200.20,,,,,,,,,,
X16,,67.100,67.100.01,67.100.10,67.100.20,67.100.30,67.100.40,67.100.99,,,,,,
X18,,67.120.20,,,,,,,,,,,,
X20,,67.120.30,,,,,,,,,,,,
X22,,67.120,67.120.01,67.120.10,67.120.99,,,,,,,,,
X24,,67.080.10,,,,,,,,,,,,
X26,,67.080,67.080.01,67.080.20,,,,,,,,,,
X28,,,,,,,,,,,,,,
X30/34,,67.180,67.180.10,,,,,,,,,,,
X30,,,,,,,,,,,,,,
X31,,,,,,,,,,,,,,
X33,,67.190,,,,,,,,,,,,
X34,,,,,,,,,,,,,,
X35/39,,,,,,,,,,,,,,
X35,,,,,,,,,,,,,,
X37,,,,,,,,,,,,,,
X38,,,,,,,,,,,,,,
X40/49,,67.220,,,,,,,,,,,,
X40,,67.220.10,67.220.20,,,,,,,,,,,
X41,,,,,,,,,,,,,,
X42,,,,,,,,,,,,,,
X44,,,,,,,,,,,,,,
X46,,,,,,,,,,,,,,
X50/59,,67.140,67.160,,,,,,,,,,,
X50,,67.140.30,67.140.20,67.160.01,67.160.20,,,,,,,,,
X51,,,,,,,,,,,,,,
X53,,67.140.10,,,,,,,,,,,,
X55,,,,,,,,,,,,,,
X60/69,,67.160.10,,,,,,,,,,,,
X60,,,,,,,,,,,,,,
X61,,,,,,,,,,,,,,
X62,,,,,,,,,,,,,,
X63,,,,,,,,,,,,,,
X66,,,,,,,,,,,,,,
X69,,,,,,,,,,,,,,
X70/79,,67.230,,,,,,,,,,,,
X70,,,,,,,,,,,,,,
X71,,,,,,,,,,,,,,
X72,,,,,,,,,,,,,,
X73,,,,,,,,,,,,,,
X74,,,,,,,,,,,,,,
X77,,,,,,,,,,,,,,
X79,,,,,,,,,,,,,,
X80/84,,,,,,,,,,,,,,
X80,,,,,,,,,,,,,,
X81,,,,,,,,,,,,,,
X82,,,,,,,,,,,,,,
X83,,,,,,,,,,,,,,
X85/89,,65.160,,,,,,,,,,,,
X85,,,,,,,,,,,,,,
X86,,,,,,,,,,,,,,
X87,,,,,,,,,,,,,,
X89,,,,,,,,,,,,,,
X90/99,,67.260,,,,,,,,,,,,
X90,,,,,,,,,,,,,,
X91,,,,,,,,,,,,,,
X92,,,,,,,,,,,,,,
X93,,,,,,,,,,,,,,
X94,,,,,,,,,,,,,,
X95,,,,,,,,,,,,,,
X96,,,,,,,,,,,,,,
X99,,,,,,,,,,,,,,
Y,,,,,,,,,,,,,,
Y00/09,,,,,,,,,,,,,,
Y00,,,,,,,,,,,,,,
Y01,,,,,,,,,,,,,,
Y02,,,,,,,,,,,,,,
Y04,,,,,,,,,,,,,,
Y07,,,,,,,,,,,,,,
Y08,,,,,,,,,,,,,,
Y09,,,,,,,,,,,,,,
Y10/19,,39.020,,,,,,,,,,,,
Y11,,39.040,39.040.01,39.040.10,39.040.20,39.040.99,,,,,,,,
Y14,,11.180,43.150,,,,,,,,,,,
Y17,,61.080,,,,,,,,,,,,
Y20/29,,55.100,55.120,55.130,55.140,97.150,,,,,,,,
Y20,,,,,,,,,,,,,,
Y22,,,,,,,,,,,,,,
Y24,,,,,,,,,,,,,,
Y26,,,,,,,,,,,,,,
Y28,,,,,,,,,,,,,,
Y30/39,,85,,,,,,,,,,,,
Y30,,01.040.85,85.020,,,,,,,,,,,
Y31,,85.040,,,,,,,,,,,,
Y32,,85.060,,,,,,,,,,,,
Y33,,85.080,,,,,,,,,,,,
Y39,,,,,,,,,,,,,,
Y40/44,,,,,,,,,,,,,,
Y40,,,,,,,,,,,,,,
Y41,,71.100.60,,,,,,,,,,,,
Y42,,71.100.70,,,,,,,,,,,,
Y43,,,,,,,,,,,,,,
Y44,,,,,,,,,,,,,,
Y45/49,,59.140,,,,,,,,,,,,
Y45,,59.140.01,59.140.10,59.140.99,,,,,,,,,,
Y46,,59.140.20,59.140.30,,,,,,,,,,,
Y47,,,,,,,,,,,,,,
Y48,,59.140.35,,,,,,,,,,,,
Y49,,,,,,,,,,,,,,
Y50/59,,97.200,97.200.01,97.200.10,97.200.99,,,,,,,,,
Y50,,01.100.40,,,,,,,,,,,,
Y51,,,,,,,,,,,,,,
Y52,,,,,,,,,,,,,,
Y53,,,,,,,,,,,,,,
Y54,,35.260,,,,,,,,,,,,
Y55,,97.200.30,97.200.40,97.220,97.220.01,97.220.30,97.220.10,97.220.20,97.220.40,97.220.99,,,,
Y56,,,,,,,,,,,,,,
Y57,,97.190,97.200.50,,,,,,,,,,,
Y58,,97.200.20,,,,,,,,,,,,
Y60/69,,01.040.97,13.120,97.020,97.030,97,97.130.10,,,,,,,
Y60,,,,,,,,,,,,,,
Y61,,97.040.30,,,,,,,,,,,,
Y62,,97.040.40,97.060,97.080,,,,,,,,,,
Y63,,97.100.10,,,,,,,,,,,,
Y64,,97.170,,,,,,,,,,,,
Y68,,97.040,97.040.01,97.040.10,97.040.50,97.040.60,97.040.99,97.040.20,,,,,,
Y69,,97.120,97.180,,,,,,,,,,,
Y70/74,,97.145,,,,,,,,,,,,
Y70,,,,,,,,,,,,,,
Y71,,,,,,,,,,,,,,
Y72,,,,,,,,,,,,,,
Y73,,,,,,,,,,,,,,
Y75/79,,61,97.160,,,,,,,,,,,
Y75,,01.040.61,,,,,,,,,,,,
Y76,,61.020,,,,,,,,,,,,
Y77,,61.040,,,,,,,,,,,,
Y78,,61.060,,,,,,,,,,,,
Y80/84,,97.140,,,,,,,,,,,,
Y80,,,,,,,,,,,,,,
Y81,,,,,,,,,,,,,,
Y82,,,,,,,,,,,,,,
Y85/89,,97.195,,,,,,,,,,,,
Y85,,,,,,,,,,,,,,
Y87,,,,,,,,,,,,,,
Y88,,01.040.39,39,39.060,,,,,,,,,,
Y89,,,,,,,,,,,,,,
Y90/99,,,,,,,,,,,,,,
Y90,,,,,,,,,,,,,,
Y91,,85.100,,,,,,,,,,,,
Y92,,,,,,,,,,,,,,
Y93,,,,,,,,,,,,,,
Y94,,59.140.40,,,,,,,,,,,,
Y96,,,,,,,,,,,,,,
Y97,,,,,,,,,,,,,,
Y99,,,,,,,,,,,,,,
Z,,13.030.50,13.030.99,,,,,,,,,,,
Z00/09,,01.040.13,13,13.020,13.020.01,13.020.70,13.020.99,13.020.60,,,,,,
Z00,,,,,,,,,,,,,,
Z01,,13.020.10,,,,,,,,,,,,
Z02,,13.020.20,,,,,,,,,,,,
Z04,,07.100.20,,,,,,,,,,,,
Z05,,13.020.40,,,,,,,,,,,,
Z06,,13.020.50,,,,,,,,,,,,
Z10/39,,,,,,,,,,,,,,
Z10,,,,,,,,,,,,,,
Z11,,13.040,13.040.01,13.040.20,13.040.30,13.040.99,,,,,,,,
Z12,,13.060.50,13.060.60,13.060.70,13.060.99,,,,,,,,,
Z13,,,,,,,,,,,,,,
Z15,,,,,,,,,,,,,,
Z16,,,,,,,,,,,,,,
Z17,,,,,,,,,,,,,,
Z18,,13.080,13.080.01,13.080.10,13.080.20,13.080.30,13.080.40,13.080.99,,,,,,
Z19,,,,,,,,,,,,,,
Z20,,,,,,,,,,,,,,
Z22,,,,,,,,,,,,,,
Z23,,13.060.30,,,,,,,,,,,,
Z25,,,,,,,,,,,,,,
Z27,,,,,,,,,,,,,,
Z29,,,,,,,,,,,,,,
Z30,,,,,,,,,,,,,,
Z32,,17.160,,,,,,,,,,,,
Z33,,13.030.30,,,,,,,,,,,,
Z50/59,,13.020.30,,,,,,,,,,,,
Z50,,13.060,13.060.01,13.060.10,,,,,,,,,,
Z51,,13.060.20,13.060.25,,,,,,,,,,,
Z52,,,,,,,,,,,,,,
Z53,,,,,,,,,,,,,,
Z54,,,,,,,,,,,,,,
Z58,,,,,,,,,,,,,,
Z59,,,,,,,,,,,,,,
Z60/79,,13.030,,,,,,,,,,,,
Z60,,13.030.20,13.030.01,13.030.40,13.040.40,,,,,,,,,
Z61,,,,,,,,,,,,,,
Z62,,,,,,,,,,,,,,
Z63,,,,,,,,,,,,,,
Z64,,13.040.50,,,,,,,,,,,,
Z66,,,,,,,,,,,,,,
Z67,,,,,,,,,,,,,,
Z68,,,,,,,,,,,,,,
Z70,,,,,,,,,,,,,,
Z71,,13.030.10,,,,,,,,,,,,
Z75,,,,,,,,,,,,,,
Z76,,,,,,,,,,,,,,
Z77,,,,,,,,,,,,,,
Z79,,,,,,,,,,,,,,
